texto,etiqueta
Amazing experience with the service,positivo
I would not recommend it,negativo
The file was uploaded successfully,neutral
Highly recommend this tool,positivo
Poor customer service,negativo
Documentation has been updated,neutral
Highly recommend this tool,positivo
Terrible experience,negativo
System maintenance will occur tonight,neutral
Great support from the team,positivo
Too many bugs and errors,negativo
Version 2.1 is now available,neutral
I love this product,positivo
It made my work harder,negativo
The project deadline is next Monday,neutral
Amazing experience with the service,positivo
Very disappointed with the performance,negativo
The meeting is scheduled for 10 AM,neutral
Truly a game changer,positivo
Extremely slow and unresponsive,negativo
Documentation has been updated,neutral
Everything works perfectly,positivo
Extremely slow and unresponsive,negativo
System maintenance will occur tonight,neutral
Highly recommend this tool,positivo
This is the worst tool I've used,negativo
The file was uploaded successfully,neutral
Very satisfied with the quality,positivo
I would not recommend it,negativo
User logged in from a new device,neutral
Truly a game changer,positivo
Keeps crashing every time,negativo
System maintenance will occur tonight,neutral
The performance is outstanding,positivo
It made my work harder,negativo
Documentation has been updated,neutral
The performance is outstanding,positivo
Too many bugs and errors,negativo
The server uptime is 99.9%,neutral
Excellent usability and speed,positivo
Extremely slow and unresponsive,negativo
This update includes bug fixes,neutral
Everything works perfectly,positivo
Very disappointed with the performance,negativo
The file was uploaded successfully,neutral
Highly recommend this tool,positivo
Not user friendly at all,negativo
No major changes were introduced,neutral
Everything works perfectly,positivo
This is the worst tool I've used,negativo
No major changes were introduced,neutral
Great support from the team,positivo
Too many bugs and errors,negativo
Version 2.1 is now available,neutral
Amazing experience with the service,positivo
Not user friendly at all,negativo
Documentation has been updated,neutral
Highly recommend this tool,positivo
Terrible experience,negativo
Version 2.1 is now available,neutral
Very satisfied with the quality,positivo
Extremely slow and unresponsive,negativo
No major changes were introduced,neutral
Very satisfied with the quality,positivo
It made my work harder,negativo
The project deadline is next Monday,neutral
I love this product,positivo
Extremely slow and unresponsive,negativo
The meeting is scheduled for 10 AM,neutral
Amazing experience with the service,positivo
Very disappointed with the performance,negativo
Version 2.1 is now available,neutral
Truly a game changer,positivo
I would not recommend it,negativo
Documentation has been updated,neutral
Great support from the team,positivo
This is the worst tool I've used,negativo
The server uptime is 99.9%,neutral
Everything works perfectly,positivo
Not user friendly at all,negativo
The file was uploaded successfully,neutral
Truly a game changer,positivo
It made my work harder,negativo
No major changes were introduced,neutral
The performance is outstanding,positivo
It made my work harder,negativo
The server uptime is 99.9%,neutral
Very satisfied with the quality,positivo
Not user friendly at all,negativo
This update includes bug fixes,neutral
Highly recommend this tool,positivo
Extremely slow and unresponsive,negativo
This update includes bug fixes,neutral
Truly a game changer,positivo
I would not recommend it,negativo
This update includes bug fixes,neutral
Highly recommend this tool,positivo
It made my work harder,negativo
System maintenance will occur tonight,neutral
Very satisfied with the quality,positivo
Not user friendly at all,negativo
The server uptime is 99.9%,neutral
Truly a game changer,positivo
Very disappointed with the performance,negativo
Documentation has been updated,neutral
This platform helped me grow,positivo
It made my work harder,negativo
This update includes bug fixes,neutral
Amazing experience with the service,positivo
Extremely slow and unresponsive,negativo
Documentation has been updated,neutral
Amazing experience with the service,positivo
I would not recommend it,negativo
The server uptime is 99.9%,neutral
Excellent usability and speed,positivo
Extremely slow and unresponsive,negativo
User logged in from a new device,neutral
Truly a game changer,positivo
This is the worst tool I've used,negativo
System maintenance will occur tonight,neutral
Truly a game changer,positivo
Terrible experience,negativo
Documentation has been updated,neutral
The performance is outstanding,positivo
It made my work harder,negativo
Version 2.1 is now available,neutral
I love this product,positivo
Extremely slow and unresponsive,negativo
Version 2.1 is now available,neutral
Excellent usability and speed,positivo
Extremely slow and unresponsive,negativo
Version 2.1 is now available,neutral
Everything works perfectly,positivo
Poor customer service,negativo
User logged in from a new device,neutral
Highly recommend this tool,positivo
I would not recommend it,negativo
The file was uploaded successfully,neutral
Everything works perfectly,positivo
Extremely slow and unresponsive,negativo
The meeting is scheduled for 10 AM,neutral
Truly a game changer,positivo
Terrible experience,negativo
This update includes bug fixes,neutral
Excellent usability and speed,positivo
This is the worst tool I've used,negativo
The file was uploaded successfully,neutral
The performance is outstanding,positivo
It made my work harder,negativo
User logged in from a new device,neutral
I love this product,positivo
Poor customer service,negativo
No major changes were introduced,neutral
Truly a game changer,positivo
Poor customer service,negativo
The project deadline is next Monday,neutral
The performance is outstanding,positivo
Poor customer service,negativo
System maintenance will occur tonight,neutral
The performance is outstanding,positivo
Very disappointed with the performance,negativo
The meeting is scheduled for 10 AM,neutral
I love this product,positivo
It made my work harder,negativo
No major changes were introduced,neutral
This platform helped me grow,positivo
Not user friendly at all,negativo
User logged in from a new device,neutral
The performance is outstanding,positivo
Very disappointed with the performance,negativo
The project deadline is next Monday,neutral
Highly recommend this tool,positivo
Keeps crashing every time,negativo
Version 2.1 is now available,neutral
Great support from the team,positivo
Very disappointed with the performance,negativo
Version 2.1 is now available,neutral
The performance is outstanding,positivo
Very disappointed with the performance,negativo
The file was uploaded successfully,neutral
Excellent usability and speed,positivo
Very disappointed with the performance,negativo
User logged in from a new device,neutral
This platform helped me grow,positivo
I would not recommend it,negativo
No major changes were introduced,neutral
Everything works perfectly,positivo
It made my work harder,negativo
The meeting is scheduled for 10 AM,neutral
Truly a game changer,positivo
This is the worst tool I've used,negativo
Documentation has been updated,neutral
Very satisfied with the quality,positivo
Terrible experience,negativo
Version 2.1 is now available,neutral
Everything works perfectly,positivo
Not user friendly at all,negativo
The server uptime is 99.9%,neutral
Great support from the team,positivo
Very disappointed with the performance,negativo
The project deadline is next Monday,neutral
Great support from the team,positivo
It made my work harder,negativo
No major changes were introduced,neutral
The performance is outstanding,positivo
It made my work harder,negativo
The project deadline is next Monday,neutral
Highly recommend this tool,positivo
Poor customer service,negativo
No major changes were introduced,neutral
This platform helped me grow,positivo
Not user friendly at all,negativo
System maintenance will occur tonight,neutral
Highly recommend this tool,positivo
This is the worst tool I've used,negativo
This update includes bug fixes,neutral
Highly recommend this tool,positivo
Keeps crashing every time,negativo
Documentation has been updated,neutral
Great support from the team,positivo
Too many bugs and errors,negativo
System maintenance will occur tonight,neutral
Everything works perfectly,positivo
It made my work harder,negativo
The server uptime is 99.9%,neutral
This platform helped me grow,positivo
Poor customer service,negativo
This update includes bug fixes,neutral
Excellent usability and speed,positivo
Not user friendly at all,negativo
The server uptime is 99.9%,neutral
Very satisfied with the quality,positivo
Too many bugs and errors,negativo
The file was uploaded successfully,neutral
The performance is outstanding,positivo
I would not recommend it,negativo
The meeting is scheduled for 10 AM,neutral
Highly recommend this tool,positivo
I would not recommend it,negativo
The project deadline is next Monday,neutral
Amazing experience with the service,positivo
Not user friendly at all,negativo
User logged in from a new device,neutral
This platform helped me grow,positivo
Not user friendly at all,negativo
The file was uploaded successfully,neutral
Everything works perfectly,positivo
Not user friendly at all,negativo
Documentation has been updated,neutral
Amazing experience with the service,positivo
Too many bugs and errors,negativo
Documentation has been updated,neutral
This platform helped me grow,positivo
This is the worst tool I've used,negativo
System maintenance will occur tonight,neutral
The performance is outstanding,positivo
Poor customer service,negativo
No major changes were introduced,neutral
Truly a game changer,positivo
Keeps crashing every time,negativo
The server uptime is 99.9%,neutral
Amazing experience with the service,positivo
Extremely slow and unresponsive,negativo
No major changes were introduced,neutral
Excellent usability and speed,positivo
Too many bugs and errors,negativo
The project deadline is next Monday,neutral
Very satisfied with the quality,positivo
Too many bugs and errors,negativo
No major changes were introduced,neutral
Amazing experience with the service,positivo
Keeps crashing every time,negativo
No major changes were introduced,neutral
I love this product,positivo
Not user friendly at all,negativo
The file was uploaded successfully,neutral
Everything works perfectly,positivo
Terrible experience,negativo
The meeting is scheduled for 10 AM,neutral
Amazing experience with the service,positivo
Keeps crashing every time,negativo
User logged in from a new device,neutral
Great support from the team,positivo
Terrible experience,negativo
Documentation has been updated,neutral
The performance is outstanding,positivo
Keeps crashing every time,negativo
System maintenance will occur tonight,neutral
Highly recommend this tool,positivo
It made my work harder,negativo
System maintenance will occur tonight,neutral
Great support from the team,positivo
Keeps crashing every time,negativo
Version 2.1 is now available,neutral
This platform helped me grow,positivo
Very disappointed with the performance,negativo
The meeting is scheduled for 10 AM,neutral
The performance is outstanding,positivo
Not user friendly at all,negativo
System maintenance will occur tonight,neutral
Amazing experience with the service,positivo
Extremely slow and unresponsive,negativo
User logged in from a new device,neutral
I love this product,positivo
Poor customer service,negativo
The project deadline is next Monday,neutral
I love this product,positivo
This is the worst tool I've used,negativo
User logged in from a new device,neutral
Truly a game changer,positivo
Extremely slow and unresponsive,negativo
Documentation has been updated,neutral
Highly recommend this tool,positivo
I would not recommend it,negativo
This update includes bug fixes,neutral
Truly a game changer,positivo
Keeps crashing every time,negativo
User logged in from a new device,neutral
I love this product,positivo
Poor customer service,negativo
The project deadline is next Monday,neutral
Amazing experience with the service,positivo
Too many bugs and errors,negativo
Version 2.1 is now available,neutral
Great support from the team,positivo
Too many bugs and errors,negativo
This update includes bug fixes,neutral
Excellent usability and speed,positivo
This is the worst tool I've used,negativo
The file was uploaded successfully,neutral
Highly recommend this tool,positivo
It made my work harder,negativo
The project deadline is next Monday,neutral
I love this product,positivo
Very disappointed with the performance,negativo
This update includes bug fixes,neutral
Everything works perfectly,positivo
Keeps crashing every time,negativo
The server uptime is 99.9%,neutral
Excellent usability and speed,positivo
It made my work harder,negativo
System maintenance will occur tonight,neutral
Amazing experience with the service,positivo
Terrible experience,negativo
The server uptime is 99.9%,neutral
The performance is outstanding,positivo
Not user friendly at all,negativo
The file was uploaded successfully,neutral
Highly recommend this tool,positivo
Poor customer service,negativo
The file was uploaded successfully,neutral
I love this product,positivo
Too many bugs and errors,negativo
The server uptime is 99.9%,neutral
Excellent usability and speed,positivo
Very disappointed with the performance,negativo
User logged in from a new device,neutral
Highly recommend this tool,positivo
Terrible experience,negativo
User logged in from a new device,neutral
This platform helped me grow,positivo
Keeps crashing every time,negativo
Version 2.1 is now available,neutral
I love this product,positivo
Very disappointed with the performance,negativo
Documentation has been updated,neutral
Highly recommend this tool,positivo
Very disappointed with the performance,negativo
The project deadline is next Monday,neutral
I love this product,positivo
Very disappointed with the performance,negativo
Documentation has been updated,neutral
Great support from the team,positivo
Not user friendly at all,negativo
System maintenance will occur tonight,neutral
Amazing experience with the service,positivo
Very disappointed with the performance,negativo
System maintenance will occur tonight,neutral
This platform helped me grow,positivo
I would not recommend it,negativo
Documentation has been updated,neutral
Amazing experience with the service,positivo
Too many bugs and errors,negativo
Version 2.1 is now available,neutral
Excellent usability and speed,positivo
I would not recommend it,negativo
Version 2.1 is now available,neutral
Very satisfied with the quality,positivo
I would not recommend it,negativo
Documentation has been updated,neutral
Everything works perfectly,positivo
Extremely slow and unresponsive,negativo
The meeting is scheduled for 10 AM,neutral
Amazing experience with the service,positivo
Terrible experience,negativo
The file was uploaded successfully,neutral
Highly recommend this tool,positivo
Terrible experience,negativo
The meeting is scheduled for 10 AM,neutral
I love this product,positivo
Keeps crashing every time,negativo
The server uptime is 99.9%,neutral
This platform helped me grow,positivo
Extremely slow and unresponsive,negativo
The meeting is scheduled for 10 AM,neutral
The performance is outstanding,positivo
I would not recommend it,negativo
This update includes bug fixes,neutral
Highly recommend this tool,positivo
Extremely slow and unresponsive,negativo
Documentation has been updated,neutral
Great support from the team,positivo
I would not recommend it,negativo
Documentation has been updated,neutral
Amazing experience with the service,positivo
Keeps crashing every time,negativo
The file was uploaded successfully,neutral
This platform helped me grow,positivo
Extremely slow and unresponsive,negativo
No major changes were introduced,neutral
This platform helped me grow,positivo
It made my work harder,negativo
No major changes were introduced,neutral
Great support from the team,positivo
I would not recommend it,negativo
This update includes bug fixes,neutral
Very satisfied with the quality,positivo
Too many bugs and errors,negativo
The file was uploaded successfully,neutral
I love this product,positivo
Very disappointed with the performance,negativo
System maintenance will occur tonight,neutral
Great support from the team,positivo
Too many bugs and errors,negativo
Documentation has been updated,neutral
Truly a game changer,positivo
It made my work harder,negativo
This update includes bug fixes,neutral
Everything works perfectly,positivo
Very disappointed with the performance,negativo
The project deadline is next Monday,neutral
Very satisfied with the quality,positivo
Poor customer service,negativo
User logged in from a new device,neutral
Everything works perfectly,positivo
Terrible experience,negativo
System maintenance will occur tonight,neutral
Very satisfied with the quality,positivo
I would not recommend it,negativo
The server uptime is 99.9%,neutral
Highly recommend this tool,positivo
Too many bugs and errors,negativo
Documentation has been updated,neutral
Very satisfied with the quality,positivo
Not user friendly at all,negativo
The meeting is scheduled for 10 AM,neutral
Great support from the team,positivo
I would not recommend it,negativo
Documentation has been updated,neutral
Great support from the team,positivo
Too many bugs and errors,negativo
The server uptime is 99.9%,neutral
Excellent usability and speed,positivo
Very disappointed with the performance,negativo
System maintenance will occur tonight,neutral
I love this product,positivo
I would not recommend it,negativo
The server uptime is 99.9%,neutral
Excellent usability and speed,positivo
Too many bugs and errors,negativo
The server uptime is 99.9%,neutral
Everything works perfectly,positivo
Too many bugs and errors,negativo
This update includes bug fixes,neutral
This platform helped me grow,positivo
Poor customer service,negativo
User logged in from a new device,neutral
This platform helped me grow,positivo
Extremely slow and unresponsive,negativo
Version 2.1 is now available,neutral
I love this product,positivo
I would not recommend it,negativo
The file was uploaded successfully,neutral
I love this product,positivo
Poor customer service,negativo
The meeting is scheduled for 10 AM,neutral
Very satisfied with the quality,positivo
Poor customer service,negativo
This update includes bug fixes,neutral
Amazing experience with the service,positivo
Too many bugs and errors,negativo
User logged in from a new device,neutral
This platform helped me grow,positivo
Poor customer service,negativo
Version 2.1 is now available,neutral
Highly recommend this tool,positivo
This is the worst tool I've used,negativo
This update includes bug fixes,neutral
Truly a game changer,positivo
Extremely slow and unresponsive,negativo
System maintenance will occur tonight,neutral
Truly a game changer,positivo
